,features,importance
0,11740468_x_at_MAGIX,0.07011164724826813
2,11750499_s_at_ZNF705E || ZNF705B || ZNF705A || ZNF705D,0.041751351207494736
1,AGE,0.03404667228460312
