,features,importance
2,EDU,"('EDU', 0.020065296)"
0,AGE,"('AGE', 0.016402084)"
6,19_rs2075650_GG,"('19_rs2075650_GG', 0.0031159061)"
4,19_rs2075650_AG,"('19_rs2075650_AG', 0.005032467)"
3,19_rs2075650_AA,"('19_rs2075650_AA', 0.051724304)"
7,10_rs11253696_GG,"('10_rs11253696_GG', 0.017221993)"
1,10_rs11253696_GA,"('10_rs11253696_GA', 0.008960187)"
5,10_rs11253696_AA,"('10_rs11253696_AA', 0.026265437)"
